id,question
0,"Write a function to find the minimum cost path to reach (m, n) from (0, 0) for the given cost matrix cost[][] and a position (m, n) in cost[][]."
1,Write a function to find the similar elements from the given two tuple lists.
2,Write a python function to identify non-prime numbers.
3,Write a function to find the largest integers from a given list of numbers using heap queue algorithm.
4,Write a function to find the number of ways to fill it with 2 x 1 dominoes for the given 3 x n board.
5,Write a python function to check whether the two numbers differ at one bit position only or not.
6,Write a function to find all words which are at least 4 characters long in a string by using regex.
7,Write a function to find squares of individual elements in a list using lambda function.
8,Write a python function to find the minimum number of rotations required to get the same string.
9,Write a function to get the n smallest items from a dataset.
10,Write a python function to remove first and last occurrence of a given character from the string.
11,Write a function to sort a given matrix in ascending order according to the sum of its rows.
12,Write a function to count the most common words in a dictionary.
13,Write a python function to find the volume of a triangular prism.
14,Write a function to split a string at lowercase letters.
15,Write a function to find sequences of lowercase letters joined with an underscore.
16,Write a function to find the perimeter of a square.
17,Write a function to remove characters from the first string which are present in the second string.
18,Write a function to find whether a given array of integers contains any duplicate element.
19,Write a function to check if the given number is woodball or not.
20,Write a function to find m number of multiples of n.
21,Write a function to find the first duplicate element in a given array of integers.
22,Write a python function to find the maximum sum of elements of list in a list of lists.
23,Write a function to convert the given binary number to its decimal equivalent.
24,Write a python function to find the product of non-repeated elements in a given array.
25,Write a function to check if the given tuple list has all k elements.
26,Write a python function to remove all digits from a list of strings.
27,Write a python function to find binomial co-efficient.
28,Write a python function to find the element occurring odd number of times.
29,Write a python function to count all the substrings starting and ending with same characters.
30,Write a function to find the top k integers that occur most frequently from given lists of sorted and distinct integers using heap queue algorithm.
31,Write a python function to find the largest prime factor of a given number.
32,Write a python function to convert a decimal number to binary number.
33,Write a python function to find the missing number in a sorted array.
34,Write a function to find the n-th rectangular number.
35,Write a python function to find the nth digit in the proper fraction of two given numbers.
36,Write a function to sort a given mixed list of integers and strings.
37,Write a function to find the division of first even and odd number of a given list.
38,Write a function to check if the letters of a given string can be rearranged so that two characters that are adjacent to each other are different.
39,Write a function to find frequency of the elements in a given list of lists using collections module.
40,Write a function to filter even numbers using lambda function.
41,Write a python function to find the sum of repeated elements in a given array.
42,Write a function to find sequences of lowercase letters joined with an underscore using regex.
43,Write a function that matches a word at the beginning of a string.
44,Write a function to find the gcd of the given array elements.
45,Write a python function to determine whether all the numbers are different from each other are not.
46,Write a python function to find the last digit when factorial of a divides factorial of b.
47,Write a python function to set all odd bits of a given number.
48,Write a function to extract every first or specified element from a given two-dimensional list.
49,Write a function to find the list with minimum length using lambda function.
50,Write a function to print check if the triangle is equilateral or not.
51,Write a function to caluclate area of a parallelogram.
52,Write a python function to check whether the first and last characters of a given string are equal or not.
53,Write a function to sort the given array by using counting sort.
54,Write a function to find t-nth term of geometric series.
55,Write a python function to check if a given number is one less than twice its reverse.
56,Write a python function to find the largest number that can be formed with the given digits.
57,Write a python function to check whether the given two integers have opposite sign or not.
58,Write a function to find the nth octagonal number.
59,Write a function to find the maximum length of the subsequence with difference between adjacent elements for the given array.
60,Write a python function to count number of substrings with the sum of digits equal to their length.
61,Write a python function to find smallest number in a list.
62,Write a function to find the maximum difference between available pairs in the given tuple list.
63,Write a function to sort a list of tuples using lambda.
64,Write a function of recursion list sum.
65,Write a python function to count positive numbers in a list.
66,Write a function to find the number of ways to partition a set of bell numbers.
67,Write a python function to check whether the given array is monotonic or not.
68,Write a function to check whether a list contains the given sublist or not.
69,Write a function to find whether all the given tuples have equal length or not.
70,Write a function to sort a list of elements using comb sort.
71,Write a python function to check whether the given number can be represented as difference of two squares or not.
72,Write a function to split the given string with multiple delimiters by using regex.
73,Write a function to check whether it follows the sequence given in the patterns array.
74,Write a function to find tuples which have all elements divisible by k from the given list of tuples.
75,Write a python function to count the number of squares in a rectangle.
76,Write a python function to find the difference between sum of even and odd digits.
77,Write a python function to find number of integers with odd number of set bits.
78,Write a python function to check whether the length of the word is odd or not.
79,Write a function to find the nth tetrahedral number.
80,Write a function to zip the two given tuples.
81,Write a function to find the volume of a sphere.
82,Write a python function to find the character made by adding all the characters of the given string.
83,Write a function to find the n-th number in newman conway sequence.
84,Write a function to find the surface area of a sphere.
85,Write a function to find nth centered hexagonal number.
86,Write a function to merge three dictionaries into a single expression.
87,Write a function to get the frequency of the elements in a list.
88,Write a function to find the closest smaller number than n.
89,Write a python function to find the length of the longest word.
90,Write a function to check if a substring is present in a given list of string values.
91,Write a function to check whether the given number is undulating or not.
92,Write a function to calculate the value of 'a' to the power 'b'.
93,Write a function to extract the index minimum value record from the given tuples.
94,Write a python function to find the minimum length of sublist.
95,Write a python function to find the number of divisors of a given integer.
96,Write a function to find frequency count of list of lists.
97,Write a function to multiply all the numbers in a list and divide with the length of the list.
98,Write a function to convert the given decimal number to its binary equivalent.
99,Write a function to find the next smallest palindrome of a specified number.
100,Write a function to find the kth element in the given array.
101,Write a function to convert snake case string to camel case string.
102,"Write a function to find eulerian number a(n, m)."
103,Write a function to sort each sublist of strings in a given list of lists using lambda function.
104,Write a python function to count true booleans in the given list.
105,Write a function to add the given list to the given tuples.
106,Write a python function to count hexadecimal numbers for a given range.
107,Write a function to merge multiple sorted inputs into a single sorted iterator using heap queue algorithm.
108,Write a python function to find the count of rotations of a binary string with odd value.
109,Write a function to extract the ranges that are missing from the given list with the given start range and end range values.
110,Write a function to find common elements in given nested lists. * list item * list item * list item * list item
111,Write a python function to find the perimeter of a cylinder.
112,Write a function to check if a string represents an integer or not.
113,Write a function to assign frequency to each tuple in the given tuple list.
114,Write a function to check whether all dictionaries in a list are empty or not.
115,Write a function to convert a given tuple of positive integers into an integer.
116,Write a function to convert all possible convertible elements in the list to float.
117,[link text](https:// [link text](https:// [link text](https://)))write a function to convert a string to a list.
118,Write a python function to find the element that appears only once in a sorted array.
119,Write a function to find the maximum product from the pairs of tuples within a given list.
120,Write a function to find the triplet with sum of the given array
121,Write a function to find n’th smart number.
122,Write a function to sum all amicable numbers from 1 to a specified number.
123,Write a function to get the angle of a complex number.
124,Write a function to find the maximum difference between the number of 0s and number of 1s in any sub-string of the given binary string.
125,Write a python function to find the sum of common divisors of two given numbers.
126,Write a function to multiply two integers without using the * operator in python.
127,Write a function to shortlist words that are longer than n from a given list of words.
128,Write a function to calculate magic square.
129,Write a function to find the item with maximum frequency in a given list.
130,Write a python function to reverse only the vowels of a given string.
131,Write a function to convert tuple to a string.
132,Write a function to calculate the sum of the negative numbers of a given list of numbers using lambda function.
133,Write a python function to check whether the last element of given array is even or odd after performing an operation p times.
134,Write a function to find the nth hexagonal number.
135,Write a function to calculate electricity bill.
136,Write a function to find the ration of zeroes in an array of integers.
137,Write a python function to check whether the given number can be represented as sum of non-zero powers of 2 or not.
138,Write a function to find the circumference of a circle.
139,Write a function to extract elements that occur singly in the given tuple list.
140,Write a function to sort a list of elements using pancake sort.
141,Write a function to count the same pair in three given lists.
142,Write a function to find number of lists present in the given tuple.
143,Write a python function to find the sum of absolute differences in all pairs of the given array.
144,Write a python function to find the maximum difference between any two elements in a given array.
145,Write a function to find the ascii value of total characters in a string.
146,Write a function to find the maximum total path sum in the given triangle.
147,Write a function to divide a number into two parts such that the sum of digits is maximum.
148,Write a function to find the longest subsequence such that the difference between adjacents is one for the given array.
149,Write a python function to find whether the given number is present in the infinite sequence or not.
150,Write a python function to check whether the given number is co-prime or not.
151,Write a function to sort the given array by using merge sort.
152,Write a function to find the vertex of a parabola.
153,Write a function to extract every specified element from a given two dimensional list.
154,Write a python function to toggle all even bits of a given number.
155,Write a function to convert a tuple of string values to a tuple of integer values.
156,Write a function to reflect the run-length encoding from a list.
157,Write a python function to find k number of operations required to make all elements equal.
158,Write a function to print the season for the given month and day.
159,Write a function to find x and y that satisfies ax + by = n.
160,Write a function to remove all elements from a given list present in another list.
161,Write a function to calculate the sum of the positive integers of n+(n-2)+(n-4)... (until n-x =< 0).
162,Write a function to calculate the area of a regular polygon.
163,Write a python function to check whether the sum of divisors are same or not.
164,Write a python function to count characters at same position in a given string (lower and uppercase characters) as in english alphabet.
165,Write a python function to count the pairs with xor as an even number.
166,Write a python function to find smallest power of 2 greater than or equal to n.
167,Write a python function to find the frequency of a number in a given array.
168,Write a function to calculate the nth pell number.
169,Write a function to find sum of the numbers in a list between the indices of a specified range.
170,Write a function to find the perimeter of a pentagon.
171,Write a function to find the occurence of characters 'std' in the given string 1. list item 1. list item 1. list item 2. list item 2. list item 2. list item
172,Write a function to remove everything except alphanumeric characters from a string.
173,Write a function to group a sequence of key-value pairs into a dictionary of lists.
174,Write a function to verify validity of a string of parentheses.
175,Write a function to find the perimeter of a triangle.
176,Write a python function to find two distinct numbers such that their lcm lies within the given range.
177,Write a function to search some literals strings in a string.
178,Write a function to find if the given number is a keith number or not.
179,Write a function to calculate distance between two points using latitude and longitude.
180,Write a function to find the longest common prefix in the given set of strings.
181,"Write a function to find uppercase, lowercase, special character and numeric values using regex."
182,Write a function to count all the distinct pairs having a difference of k in any array.
183,Write a function to find all the values in a list that are greater than a specified number.
184,Write a function to find the focus of a parabola.
185,Write a function to search some literals strings in a string by using regex.
186,Write a function to find the longest common subsequence for the given two sequences.
187,Write a python function to check whether the given number can be represented by product of two squares or not.
188,Write a python function to find the first missing positive number.
189,Write a python function to count the number of integral co-ordinates that lie inside a square.
190,Write a function to check whether the given month name contains 30 days or not.
191,Write a python function to check whether a string has atleast one letter and one number.
192,Write a function to remove the duplicates from the given tuple.
193,Write a python function to convert octal number to decimal number.
194,Write a python function to find the first position of an element in a sorted array.
195,Write a function to remove all the tuples with length k.
196,Write a function to perform the exponentiation of the given two tuples.
197,Write a function to find the largest triangle that can be inscribed in an ellipse.
198,Write a python function to find highest power of 2 less than or equal to given number.
199,Write a function to find all index positions of the maximum values in a given list.
200,Write a python function to check whether the elements in a list are same or not.
201,Write a function to remove even characters in a string.
202,Write a python function to find the hamming distance between given two integers.
203,Write a python function to count the occurrence of a given character in a string.
204,Write a function to find the inversions of tuple elements in the given tuple list.
205,Write a function to perform the adjacent element concatenation in the given tuples.
206,Write a function to count the longest repeating subsequences such that the two subsequences don’t have same string characters at same positions.
207,Write a function to check the given decimal with a precision of 2 by using regex.
208,Write a function to delete the smallest element from the given heap and then insert a new item.
209,"Write a function to check that the given string contains only a certain set of characters(in this case a-z, a-z and 0-9) by using regex."
210,Write a python function to count numbers whose oth and nth bits are set.
211,Write a python function to find the sum of fourth power of n natural numbers.
212,Write a function to perform the concatenation of two string tuples.
213,Write a function to convert radians to degrees.
214,Write a function to decode a run-length encoded given list.
215,Write a function to check if a nested list is a subset of another nested list.
216,Write a python function to find the first repeated character in a given string.
217,Write a python function to find the minimum operations required to make two numbers equal.
218,Write a function to extract maximum and minimum k elements in the given tuple.
219,"Write a function to replace maximum n occurrences of spaces, commas, or dots with a colon."
220,Write a python function to find the first even number in a given list of numbers.
221,Write a function to check if all the elements in tuple have same data type or not.
222,Write a function to check for majority element in the given sorted array.
223,Write a python function to count set bits of a given number.
224,Write a python function to find the minimum element in a sorted and rotated array.
225,Write a python function to remove the characters which have odd index values of a given string.
226,Write a function to find minimum of three numbers.
227,Write a python function to check whether all the bits are unset in the given range or not.
228,Write a function to re-arrange the elements of the given array so that all negative elements appear before positive ones.
229,Write a function to replace blank spaces with any character in a string.
230,Write a function to find the maximum sum in the given right triangle of numbers.
231,Write a function to get the n largest items from a dataset.
232,Write a function to find the lateral surface area of a cylinder.
233,Write a function to find the volume of a cube.
234,Write a python function to set all even bits of a given number.
235,Write a python function to count the maximum number of equilateral triangles that can be formed within a given equilateral triangle.
236,Write a function to check the occurrences of records which occur similar times in the given tuples.
237,Write a python function to count number of non-empty substrings of a given string.
238,Write a function to find the number of possible sequences of length n such that each of the next element is greater than or equal to twice of the previous element but less than or equal to m.
239,Write a function to replace the last element of the list with another list.
240,Write a function to generate a 3d array having each element as '*'.
241,Write a function to count total characters in a string.
242,Write a function to sort the given list based on the occurrence of first element of tuples.
243,Write a python function to find the next perfect square greater than a given number.
244,Write a function to find the maximum sum of bi-tonic sub-sequence for the given array.
245,Write a function for computing square roots using the babylonian method.
246,Write a function to find the longest palindromic subsequence in the given string.
247,Write a function to calculate the harmonic sum of n-1.
248,Write a function to find the intersection of two arrays using lambda function.
249,Write a python function to count the occcurences of an element in a tuple.
250,Write a function to insert an element before each element of a list.
251,Write a python function to convert complex numbers to polar coordinates.
252,Write a python function to count integers from a given list.
253,Write a function to find all words starting with 'a' or 'e' in a given string.
254,Write a function to choose specified number of colours from three different colours and generate all the combinations with repetitions.
255,Write a python function to count the number of prime numbers less than a given non-negative number.
256,Write a function to swap two numbers.
257,Write a function to find number of odd elements in the given list using lambda function.
258,Write a function to maximize the given two tuples.
259,Write a function to find the nth newman–shanks–williams prime number.
260,Write a function to perform mathematical division operation across the given tuples.
261,Write a function to split a given list into two parts where the length of the first part of the list is given.
262,Write a function to merge two dictionaries.
263,Write a function to calculate a dog's age in dog's years.
264,Write a function to split a list for every nth element.
265,Write a function to find the lateral surface area of a cube.
266,Write a python function to find the sum of squares of first n odd natural numbers.
267,Write a function to find the n'th star number.
268,Write a function to find the ascii value of a character.
269,Write a python function to find the sum of even numbers at even positions.
270,Write a python function to find the sum of fifth power of first n even natural numbers.
271,Write a function to perfom the rear element extraction from list of tuples records.
272,Write a function to substract the contents of one tuple with corresponding index of other tuple.
273,Write a python function to find sum of even index binomial coefficients.
274,Write a python function to find the position of the last removed element from the given array.
275,Write a function to find the volume of a cylinder.
276,Write a function to filter a dictionary based on values.
277,Write a function to find the element count that occurs before the record in the given tuple.
278,Write a function to find the nth decagonal number.
279,Write a function to search an element in the given array by using sequential search.
280,Write a python function to check if the elements of a given list are unique or not.
281,Write a function to substaract two lists using map and lambda function.
282,Write a python function to check whether the frequency of each digit is less than or equal to the digit itself.
283,Write a function to check whether all items of a list are equal to a given string.
284,Write a function that matches a string that has an a followed by two to three 'b'.
285,Write a function to find the largest sum of contiguous array in the modified array which is formed by repeating the given array k times.
286,Write a python function to find the sum of squares of first n even natural numbers.
287,Write a function to count array elements having modular inverse under given prime number p equal to itself.
288,Write a python function to calculate the number of odd days in a given year.
289,Write a function to find the list of lists with maximum length.
290,Write a function to find out the number of ways of painting the fence such that at most 2 adjacent posts have the same color for the given fence with n posts and k colors.
291,Write a python function to find quotient of two numbers.
292,Write a function to find the third side of a right angled triangle.
293,Write a function to find the maximum value in a given heterogeneous list.
294,Write a function to return the sum of all divisors of a number.
295,Write a python function to count inversions in an array.
296,Write a function to flatten a given nested list structure.
297,Write a function to find the nested list elements which are present in another list.
298,Write a function to calculate the maximum aggregate from the list of tuples.
299,Write a function to find the count of all binary sequences of length 2n such that sum of first n bits is same as sum of last n bits.
300,Write a function to find the depth of a dictionary.
301,Write a python function to find the most significant bit number which is also a set bit.
302,Write a python function to check whether the count of inversion of two types are same or not.
303,Write a python function to find element at a given index after number of rotations.
304,Write a function to match two words from a list of words starting with letter 'p'.
305,"Write a function to find the maximum sum of increasing subsequence from prefix till ith index and also including a given kth element which is after i, i.e., k > i ."
306,Write a function to get a colon of a tuple.
307,Write a function to find the specified number of largest products from two given lists.
308,Write a python function to find the maximum of two numbers.
309,Write a function to convert a given string to a tuple.
310,Write a python function to set the left most unset bit.
311,Write a function to find the volume of a cone.
312,Write a python function to print positive numbers in a list.
313,Write a function to find out the maximum sum such that no two chosen numbers are adjacent for the given rectangular grid of dimension 2 x n.
314,Write a python function to find the first maximum length of even word.
315,Write a function to find the index of the last occurrence of a given number in a sorted array.
316,Write a function to reflect the modified run-length encoding from a list.
317,Write a python function to find the maximum volume of a cuboid with given sum of sides.
318,Write a function to find all five characters long word in the given string by using regex.
319,Write a function to calculate the difference between the squared sum of first n natural numbers and the sum of squared first n natural numbers.
320,Write a function to find the demlo number for the given number.
321,Write a function to find all index positions of the minimum values in a given list.
322,Write a function to re-arrange the given array in alternating positive and negative items.
323,Write a function to extract the sum of alternate chains of tuples.
324,Write a python function to find the minimum number of squares whose sum is equal to a given number.
325,Write a function to get the word with most number of occurrences in the given strings list.
326,Write a function to print check if the triangle is isosceles or not.
327,Write a function to rotate a given list by specified number of items to the left direction.
328,Write a python function to count negative numbers in a list.
329,"Write a function to find all three, four, five characters long words in the given string by using regex."
330,Write a python function to count unset bits of a given number.
331,Write a function to count character frequency of a given string.
332,Write a python function to sort a list according to the second element in sublist.
333,Write a python function to check whether the triangle is valid or not if sides are given.
334,Write a function to find the sum of arithmetic progression.
335,Write a function to check whether the given month name contains 28 days or not.
336,"Write a function that matches a word at the end of a string, with optional punctuation."
337,Write a python function to count the number of substrings with same first and last characters.
338,Write a python function to find the maximum occuring divisor in an interval.
339,Write a python function to find the sum of the three lowest positive numbers from a given list of numbers.
340,Write a function to convert the given set into ordered tuples.
341,Write a function to find the smallest range that includes at-least one element from each of the given arrays.
342,Write a function to calculate the number of digits and letters in a string.
343,Write a python function to find number of elements with odd factors in a given range.
344,Write a function to find the difference between two consecutive numbers in a given list.
345,"Write a function to find entringer number e(n, k)."
346,Write a python function to count the number of squares in a rectangle.
347,Write a function to count sequences of given length having non-negative prefix sums that can be generated by given values.
348,Write a python function to check whether the given string is a binary string or not.
349,Write a python function to minimize the length of the string by removing occurrence of only one character.
350,Write a python function to find the first element occurring k times in a given array.
351,Write a python function to check whether all the characters in a given string are unique.
352,Write a function to remove a specified column from a given nested list.
353,Write a function to find t-nth term of arithemetic progression.
354,Write a python function to count the number of rectangles in a circle of radius r.
355,Write a function to find the third angle of a triangle using two angles.
356,Write a function to find the maximum element of all the given tuple records.
357,Write a function to find modulo division of two lists using map and lambda function.
358,Write a python function to check whether one root of the quadratic equation is twice of the other or not.
359,Write a function to find the n’th carol number.
360,Write a function to remove empty lists from a given list of lists.
361,Write a python function to find the item with maximum occurrences in a given list.
362,Write a function to add the k elements to each element in the tuple.
363,Write a function to find the number of flips required to make the given binary string a sequence of alternate characters.
364,Write a python function to count the number of digits of a given number.
365,Write a python function to find the largest product of the pair of adjacent elements from a given list of integers.
366,Write a function to check if a binary tree is balanced or not.
367,Write a function to repeat the given tuple n times.
368,Write a function to find the lateral surface area of cuboid
369,Write a function to sort a tuple by its float element.
370,Write a function to find the smallest missing element in a sorted array.
371,Write a function to sort a given list of elements in ascending order using heap queue algorithm.
372,Write a function to find the volume of a cuboid.
373,Write a function to print all permutations of a given string including duplicates.
374,Write a function to round the given number to the nearest multiple of a specific number.
375,Write a function to remove tuple elements that occur more than once and replace the duplicates with some custom value.
376,Write a python function to remove all occurrences of a character in a given string.
377,Write a python function to shift last element to first position in the given list.
378,Write a function to find the surface area of a cuboid.
379,Write a function to generate a two-dimensional array.
380,Write a function to sort a list of lists by a given index of the inner list.
381,Write a function to find the number of rotations in a circularly sorted array.
382,Write a python function to toggle all odd bits of a given number.
383,Write a python function to find the frequency of the smallest value in a given array.
384,Write a function to find the n'th perrin number using recursion.
385,Write a function to find out the minimum no of swaps required for bracket balancing in the given string.
386,Write a python function to check whether the hexadecimal number is even or odd.
387,Write a python function to find the highest power of 2 that is less than or equal to n.
388,Write a function to find the n'th lucas number.
389,Write a function to insert a given string at the beginning of all items in a list.
390,Write a function to convert more than one list to nested dictionary.
391,"Write a function to find the maximum sum possible by using the given equation f(n) = max( (f(n/2) + f(n/3) + f(n/4) + f(n/5)), n)."
392,Write a function to find the list with maximum length using lambda function.
393,Write a function to check if given tuple is distinct or not.
394,Write a python function to find the first non-repeated character in a given string.
395,Write a function to check whether the given string starts and ends with the same character or not using regex.
396,Write a function to find the median of three specific numbers.
397,Write a function to compute the sum of digits of each number of a given list.
398,Write a function to perform the mathematical bitwise xor operation across the given tuples.
399,Write a function to extract the frequency of unique tuples in the given list order irrespective.
400,Write a function to perform index wise addition of tuple elements in the given two nested tuples.
401,Write a function to compute the value of ncr%p.
402,Write a function to check if a url is valid or not using regex.
403,Write a python function to find the minimum of two numbers.
404,Write a function to check whether an element exists within a tuple.
405,Write a python function to find the parity of a given number.
406,Write a function to create the next bigger number by rearranging the digits of a given number.
407,Write a function to find k number of pairs which consist of one element from the first array and one element from the second array.
408,Write a function to find the minimum product from the pairs of tuples within a given list.
409,Write a function to find the minimum value in a given heterogeneous list.
410,Write a function to convert the given snake case string to camel case string by using regex.
411,Write a python function to remove odd numbers from a given list.
412,Write a function to extract the nth element from a given list of tuples.
413,Write a python function to check whether the value exists in a sequence or not.
414,Write a python function to find a pair with highest product from a given array of integers.
415,Write a function to find the maximum sum we can make by dividing number in three parts recursively and summing them up together for the given number.
416,Write a function to find common first element in given list of tuple.
417,Write a python function to find the sublist having maximum length.
418,Write a function to round every number of a given list of numbers and print the total sum multiplied by the length of the list.
419,Write a python function to find the cube sum of first n even natural numbers.
420,Write a function to concatenate each element of tuple by the delimiter.
421,Write a python function to find the average of cubes of first n natural numbers.
422,Write a function to solve gold mine problem.
423,Write a function to extract only the rear index element of each string in the given tuple.
424,Write a function to count the number of sublists containing a particular element.
425,Write a function to filter odd numbers using lambda function.
426,Write a function to convert a date of yyyy-mm-dd format to dd-mm-yyyy format by using regex.
427,Write a function to sort the given array by using shell sort.
428,Write a function to extract the elementwise and tuples from the given two tuples.
429,Write a function to find the directrix of a parabola.
430,Write a function that takes two lists and returns true if they have at least one common element.
431,Write a function to find the median of a trapezium.
432,Write a function to check whether the entered number is greater than the elements of the given array.
433,Write a function that matches a string that has an a followed by one or more b's.
434,Write a python function to find the last digit of a given number.
435,Write a python function to print negative numbers in a list.
436,Write a function to remove odd characters in a string.
437,Write a function to count bidirectional tuple pairs.
438,Write a function to convert a list of multiple integers into a single integer.
439,Write a function to find all adverbs and their positions in a given sentence.
440,Write a function to find the surface area of a cube.
441,Write a function to find the ration of positive numbers in an array of integers.
442,Write a python function to find the largest negative number from the given list.
443,Write a function to trim each tuple by k in the given tuple list.
444,Write a function to perform index wise multiplication of tuple elements in the given two tuples.
445,Write a python function to count the occurence of all elements of list in a tuple.
446,Write a function to find cubes of individual elements in a list using lambda function.
447,Write a function to calculate the sum of perrin numbers.
448,Write a python function to check whether the triangle is valid or not if 3 points are given.
449,Write a function to extract specified size of strings from a give list of string values.
450,Write a function to remove all whitespaces from the given string using regex.
451,Write a function that gives loss amount if the given amount has loss else return none.
452,Write a python function to find the sum of even factors of a number.
453,Write a function that matches a word containing 'z'.
454,Write a function to check whether the given month number contains 31 days or not.
455,Write a function to reverse strings in a given list of string values.
456,Write a python function to find the sublist having minimum length.
457,Write a function to find the area of a rectangle.
458,Write a function to remove uppercase substrings from a given string by using regex.
459,Write a python function to get the first element of each sublist.
460,Write a python function to count the upper case characters in a given string.
461,Write a function to find all possible combinations of the elements of a given list.
462,Write a function to find the maximum product subarray of the given array.
463,Write a function to check if all values are same in a dictionary.
464,Write a function to drop empty items from a given dictionary.
465,Write a function to find the peak element in the given array.
466,Write a python function to convert decimal number to octal number.
467,Write a function to find the maximum product formed by multiplying numbers of an increasing subsequence of that array.
468,Write a function to find the maximum profit earned from a maximum of k stock transactions
469,Write a function to find the pairwise addition of the elements of the given tuples.
470,Write a python function to find remainder of array multiplication divided by n.
471,Write a python function to check whether the given list contains consecutive numbers or not.
472,Write a function to find the tuple intersection of elements in the given tuple list irrespective of their order.
473,Write a function to replace characters in a string.
474,Write a function to sort counter by value.
475,Write a python function to find the sum of the largest and smallest value in a given array.
476,Write a python function to convert the given string to lower case.
477,Write a function to remove lowercase substrings from a given string.
478,Write a python function to find the first digit of a given number.
479,Write a python function to find the maximum occurring character in a given string.
480,Write a function to determine if there is a subset of the given set with sum equal to the given sum.
481,Write a function to find sequences of one upper case letter followed by lower case letters in the given string by using regex.
482,Write a python function to find the first natural number whose factorial is divisible by x.
483,Write a function to remove the matching tuples from the given two tuples.
484,Write a function to find the largest palindromic number in the given array.
485,Write a function to compute binomial probability for the given number.
486,Write a function to sort a list of tuples in increasing order by the last element in each tuple.
487,Write a function to find the area of a pentagon.
488,Write a python function to find the frequency of the largest value in a given array.
489,Write a function to extract all the pairs which are symmetric in the given tuple list.
490,Write a function to find the sum of geometric progression series.
491,Write a function to search an element in the given array by using binary search.
492,"Write a function to calculate a grid of hexagon coordinates where function returns a list of lists containing 6 tuples of x, y point coordinates."
493,Write a function to convert the given binary tuple to integer.
494,Write a function to remove lowercase substrings from a given string by using regex.
495,Write a function to find the smallest integers from a given list of numbers using heap queue algorithm.
496,Write a function to find the surface area of a cone.
497,Write a python function to find gcd of two positive integers.
498,Write a function to find the diameter of a circle.
499,Write a function to concatenate all elements of the given list into a string.
500,Write a python function to find common divisor between two numbers in a given pair.
501,Write a python function to find remainder of two numbers.
502,Write a function to add consecutive numbers of a given list.
503,Write a python function to find the cube sum of first n natural numbers.
504,Write a function to move all zeroes to the end of the given array.
505,"Write a function to calculate the permutation coefficient of given p(n, k)."
506,Write a function to remove specific words from a given list.
507,Write a function to check if the common elements between two given lists are in the same order or not.
508,Write a python function to find the average of odd numbers till a given odd number.
509,Write a function to find the number of subsequences having product smaller than k for the given non negative array.
510,Write a python function to find minimum sum of factors of a given number.
511,Write a function to count the element frequency in the mixed nested tuple.
512,Write a function to convert tuple into list by adding the given string after every element.
513,Write a function to find the summation of tuple elements in the given tuple list.
514,Write a function to check if there is a subset with sum divisible by m.
515,Write a function to sort a list of elements using radix sort.
516,Write a python function to find the largest postive number from the given list.
517,Write a function to find the square root of a perfect number.
518,Write a function to calculate volume of a tetrahedron.
519,Write a function to find the lcm of the given array elements.
520,Write a function to print check if the triangle is scalene or not.
521,Write a function to find the longest bitonic subsequence for the given array.
522,"Write a function to check whether a given string has a capital letter, a lower case letter, a number and specified length using lambda function."
523,Write a function to find the sum of maximum increasing subsequence of the given array.
524,Write a python function to check whether two given lines are parallel or not.
525,Write a python function to capitalize first and last letters of each word of a given string.
526,Write a function to find all pairs in an integer array whose sum is equal to a given number.
527,Write a function to find the list of lists with minimum length.
528,Write a function to find the nth jacobsthal-lucas number.
529,Write a function to find the ration of negative numbers in an array of integers.
530,Write a function to find minimum number of coins that make a given value.
531,Write a function to check if the two given strings are permutations of each other.
532,Write a function to remove particular data type elements from the given tuple.
533,Write a function to search a literals string in a string and also find the location within the original string where the pattern occurs.
534,Write a function to find the top or bottom surface area of a cylinder.
535,Write a function to select the nth items of a list.
536,Write a python function to find the first repeated word in a given string.
537,Write a python function to convert a given string list to a tuple.
538,Write a function to create a list containing the power of said number in bases raised to the corresponding number in the index using map function.
539,Write a python function to find the difference between highest and least frequencies in a given array.
540,Write a function to find if the given number is abundant or not.
541,"Write a function to replace all occurrences of spaces, commas, or dots with a colon in the given string by using regex."
542,Write a function to add two numbers and print number of digits of sum.
543,Write a function to flatten the tuple list to a string.
544,Write a python function to toggle only first and last bits of a given number.
545,Write a function to find the last occurrence of a character in a string.
546,Write a python function to find the sum of hamming distances of all consecutive numbers from o to n.
547,Write a function to find the length of the longest increasing subsequence of the given sequence.
548,Write a python function to find the sum of fifth power of first n odd natural numbers.
549,Write a python function to find the maximum element in a sorted and rotated array.
550,Write a function to extract a specified column from a given nested list.
551,Write a python function to check whether a given sequence is linear or not.
552,Write a function to convert the given tuple to a floating-point number.
553,Write a python function to find odd numbers from a mixed list.
554,Write a python function to find the difference between sum of cubes of first n natural numbers and the sum of first n natural numbers.
555,Write a python function to count the pairs with xor as an odd number.
556,Write a function to toggle characters case in a string.
557,Write a python function to find the digit distance between two integers.
558,Write a function to find the largest sum of contiguous subarray in the given array.
559,Write a function to find the union of elements of the given tuples.
560,"Write a function to assign with each element, its pair elements from other similar pairs in the given tuple."
561,Write a python function to find the maximum length of sublist.
562,Write a function to extract values between quotation marks of a string.
563,Write a python function to count unequal element pairs from the given array.
564,Write a python function to split a string into characters.
565,Write a function to get the sum of a non-negative integer.
566,Write a function to check whether a specified list is sorted or not.
567,Write a function to create a list of empty dictionaries.
568,Write a function to sort each sublist of strings in a given list of lists.
569,Write a function to remove words from a given list of strings containing a character or string.
570,Write a function to find maximum possible sum of disjoint pairs for the given array of integers and a number k.
571,Write a python function to remove two duplicate numbers from a given number of lists.
572,Write a python function to calculate the product of the unique numbers of a given list.
573,Write a function to find the surface area of a cylinder.
574,Write a python function to find nth number in a sequence which is not a multiple of a given number.
575,Write a python function to check whether an array is subarray of another or not.
576,Write a python function to find the last digit in factorial of a given number.
577,Write a function to interleave lists of the same length.
578,Write a function to find the dissimilar elements in the given two tuples.
579,Write a function to extract the even elements in the nested mixed tuple.
580,Write a python function to find the surface area of the square pyramid.
581,Write a function to check if a dictionary is empty or not.
582,Write a function for nth catalan number.
583,Write a function to find all adverbs and their positions in a given sentence by using regex.
584,Write a function to find the n - expensive price items from a given dataset using heap queue algorithm.
585,Write a python function to split the array and add the first part to the end.
586,Write a function to convert a list to a tuple.
587,Write a python function to find the difference between largest and smallest value in a given array.
588,Write a function to find perfect squares between two given numbers.
589,Write a function to convert polar coordinates to rectangular coordinates.
590,Write a python function to interchange the first and last elements in a list.
591,Write a python function to find sum of product of binomial co-efficients.
592,Write a function to remove leading zeroes from an ip address.
593,Write a function to find the difference of first even and odd number of a given list.
594,Write a python function to count minimum number of swaps required to convert one binary string to another.
595,Write a function to find the size of the given tuple.
596,Write a function to find kth element from the given two sorted arrays.
597,Write a function to check whether the given number is armstrong or not.
598,Write a function to find sum and average of first n natural numbers.
599,Write a python function to check whether the given number is even or not using bitwise operator.
600,Write a function to find the longest chain which can be formed from the given set of pairs.
601,Write a python function to find the first repeated character in a given string.
602,Write a function to get a lucid number smaller than or equal to n.
603,Write a function to reverse words in a given string.
604,Write a function to check if the given integer is a prime number.
605,Write a function to convert degrees to radians.
606,Write a function to search a literals string in a string and also find the location within the original string where the pattern occurs by using regex.
607,Write a python function to find nth bell number.
608,Write a python function to find minimum possible value for the given periodic function.
609,Write a python function to remove the k'th element from a given list.
610,Write a function to find the maximum of nth column from the given tuple list.
611,Write a python function to merge the first and last elements separately in a list of lists.
612,Write a function to find the maximum value in record list as tuple attribute in the given tuple list.
613,Write a function to find the cumulative sum of all the values that are present in the given tuple list.
614,Write a function to find average value of the numbers in a given tuple of tuples.
615,Write a function to perfom the modulo of tuple elements in the given two tuples.
616,"Write a function to check for the number of jumps required of given length to reach a point of form (d, 0) from origin in a 2d plane."
617,Write a function to divide two lists using map and lambda function.
618,Write a function to move all the numbers in it to the given string.
619,Write a function to find the largest subset where each pair is divisible.
620,Write a function to increment the numeric values in the given strings by k.
621,Write a function to find the median of two sorted arrays of same size.
622,Write a function to find the n-th power of individual elements in a list using lambda function.
623,Write a python function to convert the given string to upper case.
624,Write a python function to interchange first and last elements in a given list.
625,Write a python function to find the largest triangle that can be inscribed in the semicircle.
626,Write a python function to find the smallest missing number from the given array.
627,Write a function to replace all spaces in the given string with character * list item * list item * list item * list item '%20'.
628,Write a python function to find even numbers from a mixed list.
629,Write a function to extract all the adjacent coordinates of the given coordinate tuple.
630,Write a function to replace whitespaces with an underscore and vice versa in a given string by using regex.
631,Write a python function to move all zeroes to the end of the given list.
632,Write a python function to find the sum of xor of all pairs of numbers in the given array.
633,Write a python function to find the sum of fourth power of first n even natural numbers.
634,Write a function to push all values into a heap and then pop off the smallest values one at a time.
635,Write a python function to check if roots of a quadratic equation are reciprocal of each other or not.
636,Write a function to check whether the given amount has no profit and no loss
637,Write a function to calculate wind chill index.
638,Write a function to sum the length of the names of a given list of names after removing the names that start with a lowercase letter.
639,Write a function to remove the parenthesis area in a string.
640,Write a function to find the nth nonagonal number.
641,Write a function to remove similar rows from the given tuple matrix.
642,"Write a function that matches a word containing 'z', not at the start or end of the word."
643,Write a python function to reverse an array upto a given position.
644,Write a function to find the product of it’s kth index in the given tuples.
645,Write a python function to count number of cubes of size k in a cube of size n.
646,Write a function to split a string at uppercase letters.
647,Write a function to exchange the position of every n-th value with (n+1)th value and (n+1)th value with n-th value in a given list.
648,Write a python function to calculate the sum of the numbers in a list between the indices of a specified range.
649,Write a python function to check whether the given two arrays are equal or not.
650,Write a function to check if one tuple is a subset of another tuple.
651,Write a function to flatten the given tuple matrix into the tuple list with each tuple representing each column.
652,Write a function to group a sequence of key-value pairs into a dictionary of lists using collections module.
653,Write a function to find the perimeter of a rectangle.
654,Write a python function to find the sum of fifth power of n natural numbers.
655,Write a python function to find the minimum sum of absolute differences of two arrays.
656,Write a python function to find the first digit in factorial of a given number.
657,Write a function to find the item with maximum occurrences in a given list.
658,Write a python function to print duplicants from a list of integers.
659,Write a python function to choose points from two ranges such that no point lies in both the ranges.
660,Write a function to find the maximum sum that can be formed which has no three consecutive elements present.
661,Write a function to sort a list in a dictionary.
662,Write a function to find the largest possible value of k such that k modulo x is y.
663,Write a python function to find the average of even numbers till a given even number.
664,Write a python function to shift first element to the end of given list.
665,Write a function to count occurrence of a character in a string.
666,Write a python function to count number of vowels in the string.
667,Write a python function to replace multiple occurence of character by single.
668,Write a function to check whether the given ip address is valid or not using regex.
669,Write a python function to check whether a sequence of numbers has a decreasing trend or not.
670,Write a python function to set the right most unset bit.
671,Write a function to find maximum of three numbers.
672,Write a python function to convert a list of multiple integers into a single integer.
673,Write a function to remove duplicate words from a given string using collections module.
674,"Write a function to add two integers. however, if the sum is between the given range it will return 20."
675,Write a function to remove everything except alphanumeric characters from the given string by using regex.
676,Write a function to check if the triangle is valid or not.
677,Write a python function to remove spaces from a given string.
678,Write a function to access dictionary key’s element by index.
679,Write a python function to check whether a sequence of numbers has an increasing trend or not.
680,Write a python function to find the smallest prime divisor of a number.
681,Write a function to multiply two lists using map and lambda function.
682,Write a python function to check whether the given number can be represented by sum of two squares or not.
683,Write a python function to count occurences of a character in a repeated string.
684,Write a python function to find sum of prime numbers between 1 to n.
685,Write a function to find the frequency of each element in the given list.
686,Write a function to find the greatest common divisor (gcd) of two integers by using recursion.
687,Write a function to get the length of a complex number.
688,## write a function to find the minimum number of jumps to reach the end of the array for the given array of integers where each element represents the max number of steps that can be made forward from that element. > indented block > indented block
689,Write a function to multiply consecutive numbers of a given list.
690,Write a function to group the 1st elements on the basis of 2nd elements in the given tuple list.
691,Write a python function to find the last two digits in factorial of a given number.
692,Write a function to remove multiple spaces in a string by using regex.
693,Write a function to extract unique values from the given dictionary values.
694,Write a function to check if each element of the second tuple is greater than its corresponding index in the first tuple.
695,Write a function to zip two given lists of lists.
696,Write a function to find number of even elements in the given list using lambda function.
697,Write a function to sort dictionary items by tuple product of keys for the given dictionary with tuple keys.
698,Write a python function to find the minimum number of swaps required to convert one binary string to another.
699,Write a function to count the number of elements in a list which are within a specific range.
700,Write a function to find the equilibrium index of the given array.
701,Write a function to find the minimum number of elements that should be removed such that amax-amin<=k.
702,Write a function to check whether the given key is present in the dictionary or not.
703,Write a function to calculate the harmonic sum of n-1.
704,Write a function to sort a list of lists by length and value.
705,Write a function to find whether an array is subset of another array.
706,Write a python function to count the total set bits from 1 to n.
707,Write a python function to convert a string to a list.
708,Write a function to count unique keys for each value present in the tuple.
709,Write a function to access the initial and last data of the given tuple record.
710,Write a python function to check whether the product of digits of a number at even and odd places is equal or not.
711,Write a function to remove duplicates from a list of lists.
712,Write a function to check if the given tuple contains all valid values or not.
713,Write a python function to count the number of distinct power of prime factor of given number.
714,Write a function to convert the given string of integers into a tuple.
715,Write a function to find the perimeter of a rombus.
716,Write a function to calculate the standard deviation.
717,Write a function to create a list taking alternate elements from another given list.
718,Write a function that matches a string that has an a followed by zero or more b's.
719,Write a function to add a dictionary to the tuple.
720,Write a function to find a path with the maximum average over all existing paths for the given square matrix of size n*n.
721,Write a function to filter the height and width of students which are stored in a dictionary.
722,Write a function to count the same pair in two given lists using map function.
723,Write a function to calculate the sum of all digits of the base to the specified power.
724,Write a function to extract values between quotation marks of the given string by using regex.
725,Write a function to multiply the adjacent elements of the given tuple.
726,Write a function to remove all characters except letters and numbers using regex
727,Write a function to sum elements in two lists.
728,Write a function to add two lists using map and lambda function.
729,Write a function to remove consecutive duplicates of a given list.
730,Write a function to find the lateral surface area of a cone.
731,"Write a function to replace all occurrences of spaces, commas, or dots with a colon."
732,Write a function to find the index of the first occurrence of a given number in a sorted array.
733,Write a python function to find sum of products of all possible subarrays.
734,Write a python function to toggle bits of the number except the first and the last bit.
735,Write a function to locate the left insertion point for a specified value in sorted order.
736,Write a function to check whether the given string is starting with a vowel or not using regex.
737,Write a function to calculate the geometric sum of n-1.
738,Write a python function to find the index of smallest triangular number with n digits.
739,Write a function to convert the given tuple to a key-value dictionary using adjacent elements.
740,Write a python function to check whether all the characters are same or not.
741,Write a function to caluclate the area of a tetrahedron.
742,Write a function to rotate a given list by specified number of items to the right direction.
743,Write a function to check if the given tuple has any none value or not.
744,Write a function to find numbers within a given range where every number is divisible by every digit it contains.
745,Write a function to find area of a sector.
746,Write a function to find the longest common subsequence for the given three string sequence.
747,Write a function to put spaces between words starting with capital letters in a given string by using regex.
748,Write a function to sort a given list of strings of numbers numerically.
749,Write a function to add the given tuple to the given list.
750,Write a function to check if the given array represents min heap or not.
751,Write a function to find the nth jacobsthal number.
752,Write a function to find minimum k records from tuple list.
753,Write a function to find common index elements from three lists.
754,Write a function to find the second smallest number in a list.
755,Write a function that matches a string that has an a followed by zero or one 'b'.
756,Write a function to count the pairs of reverse strings in the given string list.
757,Write a function to count number of unique lists within a list.
758,Write a function to check a decimal with a precision of 2.
759,Write a python function to check whether an array contains only one distinct element or not.
760,Write a function to caluclate arc length of an angle.
761,Write a function to check whether the given month number contains 30 days or not.
762,Write a python function to find the minimum difference between any two elements in a given array.
763,Write a python function to count numeric values in a given string.
764,Write a function to find nth polite number.
765,Write a function to iterate over all pairs of consecutive items in a given list.
766,Write a python function to count the number of pairs whose sum is equal to ‘sum’.
767,Write a python function to check for odd parity of a given number.
768,Write a python function to get the difference between two lists.
769,Write a python function to find the sum of fourth power of first n odd natural numbers.
770,Write a function to check if the given expression is balanced or not.
771,Write a function to remove all the words with k length in the given string.
772,Write a function to find the occurrence and position of the substrings within a string.
773,Write a function to check if the string is a valid email address or not using regex.
774,Write a python function to check whether every odd index contains odd numbers of a given list.
775,Write a function to count those characters which have vowels as their neighbors in the given string.
776,Write a python function to find the sum of non-repeated elements in a given array.
777,Write a function to pack consecutive duplicates of a given list elements into sublists.
778,Write a function to count the number of unique lists within a list.
779,Write a function to find the combinations of sums with tuples in the given tuple list.
780,Write a python function to check whether the count of divisors is even or odd.
781,Write a python function to find the sum of all odd length subarrays.
782,Write a function to convert rgb color to hsv color.
783,Write a function to find the product of first even and odd number of a given list.
784,Write a function to convert tuple string to integer tuple.
785,Write a function to locate the right insertion point for a specified value in sorted order.
786,Write a function that matches a string that has an a followed by three 'b'.
787,Write a function to create a new tuple from the given string and list.
788,Write a function to calculate the perimeter of a regular polygon.
789,Write a python function to check whether every even index contains even numbers of a given list.
790,Write a function to remove the nested record from the given tuple.
791,Write a python function to count the number of lists in a given number of lists.
792,Write a python function to find the last position of an element in a sorted array.
793,"Write a function that matches a string that has an 'a' followed by anything, ending in 'b'."
794,Write a function to find the n - cheap price items from a given dataset using heap queue algorithm.
795,Write function to find the sum of all items in the given dictionary.
796,Write a python function to find the sum of all odd natural numbers within the range l and r.
797,Write a python function to find the sum of an array.
798,Write a python function to left rotate the bits of a given number.
799,Write a function to remove all whitespaces from a string.
800,Write a python function to count the number of equal numbers from three given integers.
801,Write a python function to count the number of rotations required to generate a sorted array.
802,Write a python function to check whether the given number is a perfect square or not.
803,Write a python function to check whether the product of numbers is even or not.
804,Write a function to find the list in a list of lists whose sum of elements is the highest.
805,Write a function to find maximum run of uppercase characters in the given string.
806,Write a python function to find the first odd number in a given list of numbers.
807,Write a function to check if the given tuples contain the k or not.
808,Write a function to check if each element of second tuple is smaller than its corresponding index in first tuple.
809,Write a function to iterate over elements repeating each as many times as its count.
810,Write a function to check if two lists of tuples are identical or not.
811,Write a function to abbreviate 'road' as 'rd.' in a given string.
812,Write a function to find length of the string.
813,Write a function to find the area of a rombus.
814,"Write a function to sort the given array without using any sorting algorithm. the given array consists of only 0, 1, and 2."
815,Write a function to clear the values of the given tuples.
816,Write a function to find numbers divisible by m or n from a list of numbers using lambda function.
817,Write a python function to count lower case letters in a given string.
818,Write a function to count the frequency of consecutive duplicate elements in a given list of numbers.
819,Write a function to check whether the given month number contains 28 days or not.
820,Write a function to merge two dictionaries into a single expression.
821,Write a function to return true if the password is valid.
822,Write a function to check if the given string starts with a substring using regex.
823,Write a python function to remove even numbers from a given list.
824,Write a python function to access multiple elements of specified index from a given list.
825,Write a python function to find the type of triangle from the given sides.
826,Write a function to sum a specific column of a list in a given list of lists.
827,"Write a function to count alphabets,digits and special charactes in a given string."
828,Write a function to find out the second most repeated (or frequent) string in the given sequence.
829,Write a function to round up a number to specific digits.
830,Write a python function to count equal element pairs from the given array.
831,Write a function to extract the maximum numeric value from a string by using regex.
832,Write a function to get dictionary keys as a list.
833,Write a function to generate a square matrix filled with elements from 1 to n raised to the power of 2 in spiral order.
834,Write a python function to find the slope of a line.
835,Write a function to find length of the subarray having maximum sum.
836,Write a python function to find the cube sum of first n odd natural numbers.
837,Write a python function to find minimum number swaps required to make two binary strings equal.
838,Write a function to sort the tuples alphabetically by the first item of each tuple.
839,Write a python function to check whether the roots of a quadratic equation are numerically equal but opposite in sign or not.
840,Write a function to count the number of inversions in the given array.
841,Write a function to find the number which occurs for odd number of times in the given array.
842,Write a function to find the nth super ugly number from a given prime list of size k using heap queue algorithm.
843,Write a python function to find the kth element in an array containing odd elements first and then even elements.
844,Write a python function to count the number of digits in factorial of a given number.
845,Write a function to find the minimum number of platforms required for a railway/bus station.
846,Write a python function to copy a list from a singleton tuple.
847,Write a function to find the area of a trapezium.
848,Write a python function to find sum of all prime divisors of a given number.
849,Write a function to check if a triangle of positive area is possible with the given angles.
850,Write a python function to find sum of inverse of divisors.
851,Write a python function to remove negative numbers from a list.
852,Write a python function to find sum of odd factors of a number.
853,Write a function which accepts an arbitrary list and converts it to a heap using heap queue algorithm.
854,Write a python function to check for even parity of a given number.
855,Write a python function to find minimum adjacent swaps required to sort binary array.
856,Write a function to list out the list of given strings individually using map function.
857,Write a function to count number of lists in a given list of lists and square the count.
858,Write a function to generate all sublists of a given list.
859,Write a function to check whether the given string is ending with only alphanumeric characters or not using regex.
860,Write a function to find all anagrams of a string in a given list of strings using lambda function.
861,Write a function to find the occurrences of n most common words in a given text.
862,Write a function to find the length of the longest sub-sequence such that elements in the subsequences are consecutive integers.
863,Write a function to find palindromes in a given list of strings using lambda function.
864,Write a function to print n-times a list using map function.
865,Write a function to check whether the given month name contains 31 days or not.
866,Write a python function to add a minimum number such that the sum of array becomes even.
867,Write a python function to find the length of the last word in a given string.
868,"Write a function to remove sublists from a given list of lists, which are outside a given range."
869,Write a function to calculate the sum of the positive numbers of a given list of numbers using lambda function.
870,Write a python function to check whether the given strings are rotations of each other or not.
871,Write a function to check if a nested list is a subset of another nested list.
872,Write a function to solve the fibonacci sequence using recursion.
873,Write a python function to check if the string is a concatenation of another string.
874,Write a function to find the minimum difference in the tuple pairs of given tuples.
875,Write a python function to find lcm of two positive integers.
876,Write a python function to sort the given string.
877,Write a function to check if the given tuple contains only k elements.
878,"Write a function that matches a string that has an 'a' followed by anything, ending in 'b' by using regex."
879,Write a python function to find number of solutions in quadratic equation.
880,Write a function to find the sum of first even and odd number of a given list.
881,Write a function to caluclate perimeter of a parallelogram.
882,Write a function to find numbers divisible by m and n from a list of numbers using lambda function.
883,Write a python function to check whether all the bits are within a given range or not.
884,Write a python function to check whether the two given strings are isomorphic to each other or not.
885,Write a function to add all the numbers in a list and divide it with the length of the list.
886,Write a python function to check whether the given number is odd or not using bitwise operator.
887,Write a function to substract the elements of the given nested tuples.
888,Write a function to reverse each list in a given list of lists.
889,Write a python function to find the index of an extra element present in one sorted array.
890,Write a python function to check whether the given two numbers have same number of digits or not.
891,Write a function to remove multiple spaces in a string.
892,Write a python function to get the last element of each sublist.
893,Write a function to convert the given string of float type into tuple.
894,Write a function to find the maximum sum of subsequences of given array with no adjacent elements.
895,Write a function to sort a list in increasing order by the last element in each tuple from a given list of non-empty tuples.
896,Write a python function to check whether the word is present in a given sentence or not.
897,"Write a function to extract specified number of elements from a given list, which follow each other continuously."
898,Write a python function to check whether an array can be sorted or not by picking only the corner elements.
899,Write a function where a string will start with a specific number.
900,Write a function to find the smallest multiple of the first n numbers.
901,Write a function to combine two dictionaries by adding values for common keys.
902,Write a python function to count the total unset bits from 1 to n.
903,Write a function to return true if the given number is even else return false.
904,Write a python function to find the sum of squares of binomial co-efficients.
905,"Write a function to extract year, month and date from a url by using regex."
906,Write a function to print the first n lucky numbers.
907,Write a function to find the fixed point in the given array.
908,Write a function to find the previous palindrome of a specified number.
909,Write a function to validate a gregorian date.
910,Write a function to compute maximum product of three numbers of a given array of integers using heap queue algorithm.
911,"Write a function to find ln, m lobb number."
912,Write a function to check for a number at the end of a string.
913,Write a python function to check whether the given string is made up of two alternating characters or not.
914,Write a function to rearrange positive and negative numbers in a given array using lambda function.
915,Write a function to find if there is a triplet in the array whose sum is equal to a given value.
916,Write a function to find the sequences of one upper case letter followed by lower case letters.
917,Write a function to count coin change.
918,Write a python function to multiply all items in the list.
919,Write a function to remove all tuples with all none values in the given tuple list.
920,Write a function to perform chunking of tuples each of size n.
921,Write a function to find a pair with the highest product from a given array of integers.
922,Write a function to find the length of the shortest string that has both str1 and str2 as subsequences.
923,Write a function to find maximum of two numbers.
924,Write a python function to calculate the product of all the numbers of a given tuple.
925,Write a function to find n-th rencontres number.
926,Write a function to calculate the height of the given binary tree.
927,Write a function to convert a date of yyyy-mm-dd format to dd-mm-yyyy format.
928,Write a function to count repeated items of a tuple.
929,Write a function that matches a string that has an a followed by zero or more b's by using regex.
930,Write a function to calculate the sum of series 1³+2³+3³+….+n³.
931,Write a function to remove duplicate words from a given list of strings.
932,Write a function to convert camel case string to snake case string by using regex.
933,Write a function to find the nth delannoy number.
934,Write a function to calculate the sum of series 1²+2²+3²+….+n².
935,Write a function to re-arrange the given tuples based on the given ordered list.
936,Write a function to count the most common character in a given string.
937,Write a function to find three closest elements from three sorted arrays.
938,Write a function to sort a list of dictionaries using lambda function.
939,Write a function to sort the given array by using heap sort.
940,Write a function to count the elements in a list until an element is a tuple.
941,Write a function to check if any list element is present in the given list.
942,Write a function to combine two given sorted lists using heapq module.
943,Write a function to separate and print the numbers and their position of a given string.
944,Write a function to convert the given tuples into set.
945,Write a function to find the most common elements and their counts of a specified text.
946,Write a python function to find the length of the shortest word.
947,Write a function to get an item of a tuple.
948,Write a function to sort the given tuple list basis the total digits in tuple.
949,Write a function to display sign of the chinese zodiac for given year.
950,Write a function to find the maximum of similar indices in two lists of tuples.
951,Write a function to compute the value of ncr mod p.
952,Write a python function to find the minimun number of subsets with distinct elements.
953,Write a function that gives profit amount if the given amount has profit else return none.
954,"Write a function to find out, if the given number is abundant."
955,Write a function to split the given string at uppercase letters by using regex.
956,Write a python function to get the position of rightmost set bit.
957,Write a function to convert an integer into a roman numeral.
958,Write a python function to find the average of a list.
959,Write a function to solve tiling problem.
960,Write a function to convert a roman numeral to an integer.
961,Write a python function to find the sum of all even natural numbers within the range l and r.
962,Write a function to calculate the discriminant value.
963,Write a python function to check whether the length of the word is even or not.
964,Write a function to convert camel case string to snake case string.
965,Write a function to remove an empty tuple from a list of tuples.
966,Write a python function to accept the strings which contains all vowels.
967,Write a python function to find maximum possible value for the given periodic function.
968,Write a function to join the tuples if they have similar initial elements.
969,Write a function to find minimum of two numbers.
970,"Write a function to find the maximum number of segments of lengths a, b and c that can be formed from n."
971,Write a function to concatenate the given two tuples to a nested tuple.
972,Write a python function to left rotate the string.
973,Write a function to find the minimum total path sum in the given triangle.
